fecha,provincia,casos_sospechosos,incidencia,defun_nuevas,numero,year
2018-1,Azua,0,0,0,1,2018
2018-1,Baoruco,0,0,0,1,2018
2018-1,Barahona,0,0,0,1,2018
2018-1,Dajabón,0,0,0,1,2018
2018-1,Distrito Nacional,1,5.09,0,1,2018
2018-1,Duarte,0,0,0,1,2018
2018-1,El Seibo,0,0,0,1,2018
2018-1,Elías Piña,0,0,0,1,2018
2018-1,Espaillat,0,0,0,1,2018
2018-1,Extranjera,0,0,0,1,2018
2018-1,Hato Mayor,0,0,0,1,2018
2018-1,Hermanas Mirabal,0,0,0,1,2018
2018-1,Independencia,0,0,0,1,2018
2018-1,La Altagracia,0,0,0,1,2018
2018-1,La Romana,0,0,0,1,2018
2018-1,La Vega,0,0,0,1,2018
2018-1,María Trinidad Sánchez,0,0,0,1,2018
2018-1,Monseñor Nouel,0,0,0,1,2018
2018-1,Monte Cristi,0,0,0,1,2018
2018-1,Monte Plata,0,0,0,1,2018
2018-1,Pedernales,0,0,0,1,2018
2018-1,Peravia,0,0,0,1,2018
2018-1,Puerto Plata,0,0,0,1,2018
2018-1,Samaná,0,0,0,1,2018
2018-1,San Cristóbal,0,0,0,1,2018
2018-1,San José de Ocoa,0,0,0,1,2018
2018-1,San Juan,0,0,0,1,2018
2018-1,San Pedro de Macorís,0,0,0,1,2018
2018-1,Santiago,0,0,0,1,2018
2018-1,Santiago Rodríguez,0,0,0,1,2018
2018-1,Santo Domingo,0,0,0,1,2018
2018-1,Sánchez Ramírez,0,0,0,1,2018
2018-1,Valverde,0,0,0,1,2018
2018-2,Azua,0,0,0,2,2018
2018-2,Baoruco,0,0,0,2,2018
2018-2,Barahona,0,0,0,2,2018
2018-2,Dajabón,0,0,0,2,2018
2018-2,Distrito Nacional,0,2.54,0,2,2018
2018-2,Duarte,0,0,0,2,2018
2018-2,El Seibo,0,0,0,2,2018
2018-2,Elías Piña,0,0,0,2,2018
2018-2,Espaillat,0,0,0,2,2018
2018-2,Extranjera,0,0,0,2,2018
2018-2,Hato Mayor,0,0,0,2,2018
2018-2,Hermanas Mirabal,0,0,0,2,2018
2018-2,Independencia,0,0,0,2,2018
2018-2,La Altagracia,0,0,0,2,2018
2018-2,La Romana,0,0,0,2,2018
2018-2,La Vega,0,6.39,0,2,2018
2018-2,María Trinidad Sánchez,0,0,0,2,2018
2018-2,Monseñor Nouel,0,0,0,2,2018
2018-2,Monte Cristi,0,0,0,2,2018
2018-2,Monte Plata,0,0,0,2,2018
2018-2,Pedernales,0,0,0,2,2018
2018-2,Peravia,0,0,0,2,2018
2018-2,Puerto Plata,0,0,0,2,2018
2018-2,Samaná,0,0,0,2,2018
2018-2,San Cristóbal,0,0,0,2,2018
2018-2,San José de Ocoa,0,0,0,2,2018
2018-2,San Juan,0,0,0,2,2018
2018-2,San Pedro de Macorís,0,0,0,2,2018
2018-2,Santiago,0,0,0,2,2018
2018-2,Santiago Rodríguez,0,0,0,2,2018
2018-2,Santo Domingo,0,0,0,2,2018
2018-2,Sánchez Ramírez,0,0,0,2,2018
2018-2,Valverde,0,0,0,2,2018
2018-3,Azua,1,7.86,0,3,2018
2018-3,Baoruco,0,0,0,3,2018
2018-3,Barahona,0,0,0,3,2018
2018-3,Dajabón,0,0,0,3,2018
2018-3,Distrito Nacional,0,1.7,0,3,2018
2018-3,Duarte,0,0,0,3,2018
2018-3,El Seibo,0,0,0,3,2018
2018-3,Elías Piña,0,0,0,3,2018
2018-3,Espaillat,0,0,0,3,2018
2018-3,Extranjera,0,0,0,3,2018
2018-3,Hato Mayor,0,0,0,3,2018
2018-3,Hermanas Mirabal,0,0,0,3,2018
2018-3,Independencia,0,0,0,3,2018
2018-3,La Altagracia,0,0,0,3,2018
2018-3,La Romana,0,0,0,3,2018
2018-3,La Vega,0,4.26,0,3,2018
2018-3,María Trinidad Sánchez,0,0,0,3,2018
2018-3,Monseñor Nouel,0,0,0,3,2018
2018-3,Monte Cristi,0,0,0,3,2018
2018-3,Monte Plata,0,0,0,3,2018
2018-3,Pedernales,0,0,0,3,2018
2018-3,Peravia,0,0,0,3,2018
2018-3,Puerto Plata,0,0,0,3,2018
2018-3,Samaná,0,0,0,3,2018
2018-3,San Cristóbal,0,0,0,3,2018
2018-3,San José de Ocoa,0,0,0,3,2018
2018-3,San Juan,0,0,0,3,2018
2018-3,San Pedro de Macorís,0,0,0,3,2018
2018-3,Santiago,0,0,0,3,2018
2018-3,Santiago Rodríguez,0,0,0,3,2018
2018-3,Santo Domingo,0,0,0,3,2018
2018-3,Sánchez Ramírez,0,0,0,3,2018
2018-3,Valverde,0,0,0,3,2018
2018-4,Azua,0,5.9,0,4,2018
2018-4,Baoruco,0,0,0,4,2018
2018-4,Barahona,0,0,0,4,2018
2018-4,Dajabón,0,0,0,4,2018
2018-4,Distrito Nacional,0,1.27,0,4,2018
2018-4,Duarte,0,0,0,4,2018
2018-4,El Seibo,0,0,0,4,2018
2018-4,Elías Piña,0,0,0,4,2018
2018-4,Espaillat,0,0,0,4,2018
2018-4,Extranjera,0,0,0,4,2018
2018-4,Hato Mayor,0,0,0,4,2018
2018-4,Hermanas Mirabal,0,0,0,4,2018
2018-4,Independencia,0,0,0,4,2018
2018-4,La Altagracia,0,0,0,4,2018
2018-4,La Romana,0,0,0,4,2018
2018-4,La Vega,0,3.19,0,4,2018
2018-4,María Trinidad Sánchez,0,0,0,4,2018
2018-4,Monseñor Nouel,0,0,0,4,2018
2018-4,Monte Cristi,0,0,0,4,2018
2018-4,Monte Plata,0,0,0,4,2018
2018-4,Pedernales,0,0,0,4,2018
2018-4,Peravia,0,0,0,4,2018
2018-4,Puerto Plata,0,0,0,4,2018
2018-4,Samaná,0,0,0,4,2018
2018-4,San Cristóbal,0,0,0,4,2018
2018-4,San José de Ocoa,0,0,0,4,2018
2018-4,San Juan,0,0,0,4,2018
2018-4,San Pedro de Macorís,0,0,0,4,2018
2018-4,Santiago,0,0,0,4,2018
2018-4,Santiago Rodríguez,0,0,0,4,2018
2018-4,Santo Domingo,0,0,0,4,2018
2018-4,Sánchez Ramírez,0,0,0,4,2018
2018-4,Valverde,0,0,0,4,2018
2018-5,Azua,0,4.72,0,5,2018
2018-5,Baoruco,0,0,0,5,2018
2018-5,Barahona,0,0,0,5,2018
2018-5,Dajabón,0,0,0,5,2018
2018-5,Distrito Nacional,0,1.02,0,5,2018
2018-5,Duarte,0,0,0,5,2018
2018-5,El Seibo,0,0,0,5,2018
2018-5,Elías Piña,0,0,0,5,2018
2018-5,Espaillat,0,0,0,5,2018
2018-5,Extranjera,0,0,0,5,2018
2018-5,Hato Mayor,0,0,0,5,2018
2018-5,Hermanas Mirabal,0,0,0,5,2018
2018-5,Independencia,0,0,0,5,2018
2018-5,La Altagracia,0,0,0,5,2018
2018-5,La Romana,0,0,0,5,2018
2018-5,La Vega,0,2.56,0,5,2018
2018-5,María Trinidad Sánchez,0,0,0,5,2018
2018-5,Monseñor Nouel,0,0,0,5,2018
2018-5,Monte Cristi,0,0,0,5,2018
2018-5,Monte Plata,0,0,0,5,2018
2018-5,Pedernales,0,0,0,5,2018
2018-5,Peravia,0,0,0,5,2018
2018-5,Puerto Plata,0,0,0,5,2018
2018-5,Samaná,0,0,0,5,2018
2018-5,San Cristóbal,0,0,0,5,2018
2018-5,San José de Ocoa,0,0,0,5,2018
2018-5,San Juan,0,0,0,5,2018
2018-5,San Pedro de Macorís,0,0,0,5,2018
2018-5,Santiago,0,0,0,5,2018
2018-5,Santiago Rodríguez,0,0,0,5,2018
2018-5,Santo Domingo,0,0,0,5,2018
2018-5,Sánchez Ramírez,0,0,0,5,2018
2018-5,Valverde,0,0,0,5,2018
2018-6,Azua,0,3.93,0,6,2018
2018-6,Baoruco,0,0,0,6,2018
2018-6,Barahona,0,0,0,6,2018
2018-6,Dajabón,0,0,0,6,2018
2018-6,Distrito Nacional,0,0.85,0,6,2018
2018-6,Duarte,0,0,0,6,2018
2018-6,El Seibo,0,0,0,6,2018
2018-6,Elías Piña,0,0,0,6,2018
2018-6,Espaillat,0,0,0,6,2018
2018-6,Extranjera,0,0,0,6,2018
2018-6,Hato Mayor,0,0,0,6,2018
2018-6,Hermanas Mirabal,0,0,0,6,2018
2018-6,Independencia,0,0,0,6,2018
2018-6,La Altagracia,0,0,0,6,2018
2018-6,La Romana,0,0,0,6,2018
2018-6,La Vega,0,2.13,0,6,2018
2018-6,María Trinidad Sánchez,0,0,0,6,2018
2018-6,Monseñor Nouel,0,0,0,6,2018
2018-6,Monte Cristi,0,0,0,6,2018
2018-6,Monte Plata,0,0,0,6,2018
2018-6,Pedernales,0,0,0,6,2018
2018-6,Peravia,0,0,0,6,2018
2018-6,Puerto Plata,0,0,0,6,2018
2018-6,Samaná,0,0,0,6,2018
2018-6,San Cristóbal,0,0,0,6,2018
2018-6,San José de Ocoa,0,0,0,6,2018
2018-6,San Juan,0,0,0,6,2018
2018-6,San Pedro de Macorís,0,0,0,6,2018
2018-6,Santiago,0,0,0,6,2018
2018-6,Santiago Rodríguez,0,0,0,6,2018
2018-6,Santo Domingo,0,0,0,6,2018
2018-6,Sánchez Ramírez,0,0,0,6,2018
2018-6,Valverde,0,0,0,6,2018
2018-7,Azua,0,3.37,0,7,2018
2018-7,Baoruco,0,0,0,7,2018
2018-7,Barahona,0,0,0,7,2018
2018-7,Dajabón,0,0,0,7,2018
2018-7,Distrito Nacional,0,0.73,0,7,2018
2018-7,Duarte,0,0,0,7,2018
2018-7,El Seibo,0,0,0,7,2018
2018-7,Elías Piña,0,0,0,7,2018
2018-7,Espaillat,0,0,0,7,2018
2018-7,Extranjera,0,0,0,7,2018
2018-7,Hato Mayor,0,0,0,7,2018
2018-7,Hermanas Mirabal,0,0,0,7,2018
2018-7,Independencia,0,0,0,7,2018
2018-7,La Altagracia,0,0,0,7,2018
2018-7,La Romana,0,0,0,7,2018
2018-7,La Vega,0,1.83,0,7,2018
2018-7,María Trinidad Sánchez,0,0,0,7,2018
2018-7,Monseñor Nouel,0,0,0,7,2018
2018-7,Monte Cristi,0,0,0,7,2018
2018-7,Monte Plata,0,0,0,7,2018
2018-7,Pedernales,0,0,0,7,2018
2018-7,Peravia,0,0,0,7,2018
2018-7,Puerto Plata,0,0,0,7,2018
2018-7,Samaná,0,0,0,7,2018
2018-7,San Cristóbal,0,0,0,7,2018
2018-7,San José de Ocoa,0,0,0,7,2018
2018-7,San Juan,0,0,0,7,2018
2018-7,San Pedro de Macorís,0,0,0,7,2018
2018-7,Santiago,0,0,0,7,2018
2018-7,Santiago Rodríguez,0,0,0,7,2018
2018-7,Santo Domingo,0,0,0,7,2018
2018-7,Sánchez Ramírez,0,0,0,7,2018
2018-7,Valverde,0,0,0,7,2018
2018-8,Azua,0,2.95,0,8,2018
2018-8,Baoruco,0,0,0,8,2018
2018-8,Barahona,0,0,0,8,2018
2018-8,Dajabón,0,0,0,8,2018
2018-8,Distrito Nacional,0,0.64,0,8,2018
2018-8,Duarte,0,0,0,8,2018
2018-8,El Seibo,0,0,0,8,2018
2018-8,Elías Piña,0,0,0,8,2018
2018-8,Espaillat,0,0,0,8,2018
2018-8,Extranjera,0,0,0,8,2018
2018-8,Hato Mayor,0,0,0,8,2018
2018-8,Hermanas Mirabal,0,0,0,8,2018
2018-8,Independencia,0,0,0,8,2018
2018-8,La Altagracia,0,0,0,8,2018
2018-8,La Romana,0,0,0,8,2018
2018-8,La Vega,0,1.6,0,8,2018
2018-8,María Trinidad Sánchez,0,0,0,8,2018
2018-8,Monseñor Nouel,0,0,0,8,2018
2018-8,Monte Cristi,0,0,0,8,2018
2018-8,Monte Plata,0,0,0,8,2018
2018-8,Pedernales,0,0,0,8,2018
2018-8,Peravia,0,0,0,8,2018
2018-8,Puerto Plata,0,0,0,8,2018
2018-8,Samaná,0,0,0,8,2018
2018-8,San Cristóbal,0,0,0,8,2018
2018-8,San José de Ocoa,0,0,0,8,2018
2018-8,San Juan,0,0,0,8,2018
2018-8,San Pedro de Macorís,0,0,0,8,2018
2018-8,Santiago,0,0,0,8,2018
2018-8,Santiago Rodríguez,0,0,0,8,2018
2018-8,Santo Domingo,0,0,0,8,2018
2018-8,Sánchez Ramírez,0,0,0,8,2018
2018-8,Valverde,0,0,0,8,2018
2018-9,Azua,0,2.62,0,9,2018
2018-9,Baoruco,0,0,0,9,2018
2018-9,Barahona,0,0,0,9,2018
2018-9,Dajabón,0,0,0,9,2018
2018-9,Distrito Nacional,0,0.57,0,9,2018
2018-9,Duarte,0,0,0,9,2018
2018-9,El Seibo,0,0,0,9,2018
2018-9,Elías Piña,0,0,0,9,2018
2018-9,Espaillat,0,0,0,9,2018
2018-9,Extranjera,0,0,0,9,2018
2018-9,Hato Mayor,0,0,0,9,2018
2018-9,Hermanas Mirabal,0,0,0,9,2018
2018-9,Independencia,0,0,0,9,2018
2018-9,La Altagracia,0,0,0,9,2018
2018-9,La Romana,0,0,0,9,2018
2018-9,La Vega,0,2.84,0,9,2018
2018-9,María Trinidad Sánchez,0,0,0,9,2018
2018-9,Monseñor Nouel,0,0,0,9,2018
2018-9,Monte Cristi,0,0,0,9,2018
2018-9,Monte Plata,0,0,0,9,2018
2018-9,Pedernales,0,0,0,9,2018
2018-9,Peravia,2,5.96,0,9,2018
2018-9,Puerto Plata,0,0,0,9,2018
2018-9,Samaná,0,0,0,9,2018
2018-9,San Cristóbal,0,0,0,9,2018
2018-9,San José de Ocoa,0,0,0,9,2018
2018-9,San Juan,0,0,0,9,2018
2018-9,San Pedro de Macorís,0,0,0,9,2018
2018-9,Santiago,0,0,0,9,2018
2018-9,Santiago Rodríguez,0,0,0,9,2018
2018-9,Santo Domingo,0,0,0,9,2018
2018-9,Sánchez Ramírez,0,0,0,9,2018
2018-9,Valverde,0,0,0,9,2018
2018-10,Azua,0,2.36,0,10,2018
2018-10,Baoruco,0,0,0,10,2018
2018-10,Barahona,0,0,0,10,2018
2018-10,Dajabón,0,0,0,10,2018
2018-10,Distrito Nacional,0,0.51,0,10,2018
2018-10,Duarte,0,0,0,10,2018
2018-10,El Seibo,0,0,0,10,2018
2018-10,Elías Piña,0,0,0,10,2018
2018-10,Espaillat,0,0,0,10,2018
2018-10,Extranjera,0,0,0,10,2018
2018-10,Hato Mayor,0,0,0,10,2018
2018-10,Hermanas Mirabal,0,0,0,10,2018
2018-10,Independencia,0,0,0,10,2018
2018-10,La Altagracia,0,0,0,10,2018
2018-10,La Romana,0,0,0,10,2018
2018-10,La Vega,0,2.56,0,10,2018
2018-10,María Trinidad Sánchez,0,0,0,10,2018
2018-10,Monseñor Nouel,0,0,0,10,2018
2018-10,Monte Cristi,0,0,0,10,2018
2018-10,Monte Plata,0,0,0,10,2018
2018-10,Pedernales,0,0,0,10,2018
2018-10,Peravia,0,5.36,0,10,2018
2018-10,Puerto Plata,0,0,0,10,2018
2018-10,Samaná,0,0,0,10,2018
2018-10,San Cristóbal,0,0,0,10,2018
2018-10,San José de Ocoa,0,0,0,10,2018
2018-10,San Juan,0,0,0,10,2018
2018-10,San Pedro de Macorís,0,0,0,10,2018
2018-10,Santiago,0,0,0,10,2018
2018-10,Santiago Rodríguez,0,0,0,10,2018
2018-10,Santo Domingo,1,0.19,0,10,2018
2018-10,Sánchez Ramírez,0,0,0,10,2018
2018-10,Valverde,0,0,0,10,2018
2018-11,Azua,0,2.14,0,11,2018
2018-11,Baoruco,0,0,0,11,2018
2018-11,Barahona,0,0,0,11,2018
2018-11,Dajabón,0,0,0,11,2018
2018-11,Distrito Nacional,0,0.46,0,11,2018
2018-11,Duarte,0,0,0,11,2018
2018-11,El Seibo,0,0,0,11,2018
2018-11,Elías Piña,0,0,0,11,2018
2018-11,Espaillat,0,0,0,11,2018
2018-11,Extranjera,0,0,0,11,2018
2018-11,Hato Mayor,0,0,0,11,2018
2018-11,Hermanas Mirabal,0,0,0,11,2018
2018-11,Independencia,0,0,0,11,2018
2018-11,La Altagracia,0,0,0,11,2018
2018-11,La Romana,0,0,0,11,2018
2018-11,La Vega,2,4.65,0,11,2018
2018-11,María Trinidad Sánchez,0,0,0,11,2018
2018-11,Monseñor Nouel,0,0,0,11,2018
2018-11,Monte Cristi,0,0,0,11,2018
2018-11,Monte Plata,0,0,0,11,2018
2018-11,Pedernales,0,0,0,11,2018
2018-11,Peravia,0,4.88,0,11,2018
2018-11,Puerto Plata,0,0,0,11,2018
2018-11,Samaná,0,0,0,11,2018
2018-11,San Cristóbal,0,0,0,11,2018
2018-11,San José de Ocoa,0,0,0,11,2018
2018-11,San Juan,0,0,0,11,2018
2018-11,San Pedro de Macorís,1,1.57,0,11,2018
2018-11,Santiago,0,0,0,11,2018
2018-11,Santiago Rodríguez,0,0,0,11,2018
2018-11,Santo Domingo,0,0.17,0,11,2018
2018-11,Sánchez Ramírez,0,0,0,11,2018
2018-11,Valverde,0,0,0,11,2018
2018-13,Azua,0,1.81,0,13,2018
2018-13,Baoruco,0,0,0,13,2018
2018-13,Barahona,0,0,0,13,2018
2018-13,Dajabón,0,0,0,13,2018
2018-13,Distrito Nacional,0,0.39,0,13,2018
2018-13,Duarte,0,0,0,13,2018
2018-13,El Seibo,0,0,0,13,2018
2018-13,Elías Piña,0,0,0,13,2018
2018-13,Espaillat,0,0,0,13,2018
2018-13,Extranjera,0,0,0,13,2018
2018-13,Hato Mayor,0,0,0,13,2018
2018-13,Hermanas Mirabal,0,0,0,13,2018
2018-13,Independencia,0,0,0,13,2018
2018-13,La Altagracia,0,0,0,13,2018
2018-13,La Romana,0,0,0,13,2018
2018-13,La Vega,0,3.93,0,13,2018
2018-13,María Trinidad Sánchez,0,0,0,13,2018
2018-13,Monseñor Nouel,0,0,0,13,2018
2018-13,Monte Cristi,0,0,0,13,2018
2018-13,Monte Plata,0,0,0,13,2018
2018-13,Pedernales,0,0,0,13,2018
2018-13,Peravia,0,4.13,0,13,2018
2018-13,Puerto Plata,0,0,0,13,2018
2018-13,Samaná,0,0,0,13,2018
2018-13,San Cristóbal,0,1.29,0,13,2018
2018-13,San José de Ocoa,0,0,0,13,2018
2018-13,San Juan,0,0,0,13,2018
2018-13,San Pedro de Macorís,0,1.33,0,13,2018
2018-13,Santiago,0,0,0,13,2018
2018-13,Santiago Rodríguez,0,0,0,13,2018
2018-13,Santo Domingo,1,0.29,0,13,2018
2018-13,Sánchez Ramírez,0,0,0,13,2018
2018-13,Valverde,0,0,0,13,2018
2018-14,Azua,0,1.68,0,14,2018
2018-14,Baoruco,0,0,0,14,2018
2018-14,Barahona,0,0,0,14,2018
2018-14,Dajabón,0,0,0,14,2018
2018-14,Distrito Nacional,0,0.36,0,14,2018
2018-14,Duarte,0,0,0,14,2018
2018-14,El Seibo,0,0,0,14,2018
2018-14,Elías Piña,0,0,0,14,2018
2018-14,Espaillat,0,0,0,14,2018
2018-14,Extranjera,0,0,0,14,2018
2018-14,Hato Mayor,0,0,0,14,2018
2018-14,Hermanas Mirabal,0,0,0,14,2018
2018-14,Independencia,0,0,0,14,2018
2018-14,La Altagracia,0,0,0,14,2018
2018-14,La Romana,0,0,0,14,2018
2018-14,La Vega,1,4.56,0,14,2018
2018-14,María Trinidad Sánchez,0,0,0,14,2018
2018-14,Monseñor Nouel,0,0,0,14,2018
2018-14,Monte Cristi,0,0,0,14,2018
2018-14,Monte Plata,0,0,0,14,2018
2018-14,Pedernales,0,0,0,14,2018
2018-14,Peravia,0,3.83,0,14,2018
2018-14,Puerto Plata,0,0,0,14,2018
2018-14,Samaná,0,0,0,14,2018
2018-14,San Cristóbal,0,1.2,0,14,2018
2018-14,San José de Ocoa,0,0,0,14,2018
2018-14,San Juan,0,0,0,14,2018
2018-14,San Pedro de Macorís,0,1.23,0,14,2018
2018-14,Santiago,0,0,0,14,2018
2018-14,Santiago Rodríguez,0,0,0,14,2018
2018-14,Santo Domingo,0,0.27,0,14,2018
2018-14,Sánchez Ramírez,0,0,0,14,2018
2018-14,Valverde,0,0,0,14,2018
2018-15,Azua,0,1.57,0,15,2018
2018-15,Baoruco,0,0,0,15,2018
2018-15,Barahona,0,0,0,15,2018
2018-15,Dajabón,0,0,0,15,2018
2018-15,Distrito Nacional,0,0.34,0,15,2018
2018-15,Duarte,0,0,0,15,2018
2018-15,El Seibo,0,0,0,15,2018
2018-15,Elías Piña,0,0,0,15,2018
2018-15,Espaillat,1,1.46,0,15,2018
2018-15,Extranjera,0,0,0,15,2018
2018-15,Hato Mayor,0,0,0,15,2018
2018-15,Hermanas Mirabal,0,0,0,15,2018
2018-15,Independencia,0,0,0,15,2018
2018-15,La Altagracia,0,0,0,15,2018
2018-15,La Romana,0,0,0,15,2018
2018-15,La Vega,0,4.26,0,15,2018
2018-15,María Trinidad Sánchez,0,0,0,15,2018
2018-15,Monseñor Nouel,0,0,0,15,2018
2018-15,Monte Cristi,0,0,0,15,2018
2018-15,Monte Plata,0,0,0,15,2018
2018-15,Pedernales,0,0,0,15,2018
2018-15,Peravia,0,3.58,0,15,2018
2018-15,Puerto Plata,0,0,0,15,2018
2018-15,Samaná,0,0,0,15,2018
2018-15,San Cristóbal,0,1.12,0,15,2018
2018-15,San José de Ocoa,0,0,0,15,2018
2018-15,San Juan,0,0,0,15,2018
2018-15,San Pedro de Macorís,0,1.15,0,15,2018
2018-15,Santiago,0,0,0,15,2018
2018-15,Santiago Rodríguez,0,0,0,15,2018
2018-15,Santo Domingo,0,0.25,0,15,2018
2018-15,Sánchez Ramírez,0,0,0,15,2018
2018-15,Valverde,0,0,0,15,2018
2018-17,Azua,0,1.39,0,17,2018
2018-17,Baoruco,0,0,0,17,2018
2018-17,Barahona,0,0,0,17,2018
2018-17,Dajabón,0,0,0,17,2018
2018-17,Distrito Nacional,0,0.3,0,17,2018
2018-17,Duarte,0,0,0,17,2018
2018-17,El Seibo,0,0,0,17,2018
2018-17,Elías Piña,0,0,0,17,2018
2018-17,Espaillat,0,1.29,0,17,2018
2018-17,Extranjera,0,0,0,17,2018
2018-17,Hato Mayor,0,0,0,17,2018
2018-17,Hermanas Mirabal,0,0,0,17,2018
2018-17,Independencia,0,0,0,17,2018
2018-17,La Altagracia,0,1.85,0,17,2018
2018-17,La Romana,0,0,0,17,2018
2018-17,La Vega,0,3.76,0,17,2018
2018-17,María Trinidad Sánchez,0,0,0,17,2018
2018-17,Monseñor Nouel,0,0,0,17,2018
2018-17,Monte Cristi,0,0,0,17,2018
2018-17,Monte Plata,0,0,0,17,2018
2018-17,Pedernales,0,0,0,17,2018
2018-17,Peravia,0,3.16,0,17,2018
2018-17,Puerto Plata,0,0,0,17,2018
2018-17,Samaná,0,0,0,17,2018
2018-17,San Cristóbal,0,0.99,0,17,2018
2018-17,San José de Ocoa,0,0,0,17,2018
2018-17,San Juan,0,0,0,17,2018
2018-17,San Pedro de Macorís,0,1.02,0,17,2018
2018-17,Santiago,0,0,0,17,2018
2018-17,Santiago Rodríguez,0,0,0,17,2018
2018-17,Santo Domingo,0,0.22,0,17,2018
2018-17,Sánchez Ramírez,0,0,0,17,2018
2018-17,Valverde,0,0,0,17,2018
2018-18,Azua,0,1.31,0,18,2018
2018-18,Baoruco,0,0,0,18,2018
2018-18,Barahona,0,0,0,18,2018
2018-18,Dajabón,0,0,0,18,2018
2018-18,Distrito Nacional,0,0.28,0,18,2018
2018-18,Duarte,0,0,0,18,2018
2018-18,El Seibo,0,0,0,18,2018
2018-18,Elías Piña,0,0,0,18,2018
2018-18,Espaillat,0,1.21,0,18,2018
2018-18,Extranjera,0,0,0,18,2018
2018-18,Hato Mayor,0,0,0,18,2018
2018-18,Hermanas Mirabal,0,0,0,18,2018
2018-18,Independencia,0,0,0,18,2018
2018-18,La Altagracia,0,1.75,0,18,2018
2018-18,La Romana,0,0,0,18,2018
2018-18,La Vega,0,3.55,0,18,2018
2018-18,María Trinidad Sánchez,0,0,0,18,2018
2018-18,Monseñor Nouel,0,0,0,18,2018
2018-18,Monte Cristi,0,0,0,18,2018
2018-18,Monte Plata,0,0,0,18,2018
2018-18,Pedernales,0,0,0,18,2018
2018-18,Peravia,0,2.98,0,18,2018
2018-18,Puerto Plata,0,0,0,18,2018
2018-18,Samaná,0,0,0,18,2018
2018-18,San Cristóbal,0,0.93,0,18,2018
2018-18,San José de Ocoa,0,0,0,18,2018
2018-18,San Juan,0,0,0,18,2018
2018-18,San Pedro de Macorís,0,0.96,0,18,2018
2018-18,Santiago,0,0,0,18,2018
2018-18,Santiago Rodríguez,0,0,0,18,2018
2018-18,Santo Domingo,0,0.21,0,18,2018
2018-18,Sánchez Ramírez,0,0,0,18,2018
2018-18,Valverde,0,0,0,18,2018
2018-20,Azua,0,1.18,0,20,2018
2018-20,Baoruco,0,0,0,20,2018
2018-20,Barahona,0,0,0,20,2018
2018-20,Dajabón,0,0,0,20,2018
2018-20,Distrito Nacional,0,0.25,0,20,2018
2018-20,Duarte,0,0,0,20,2018
2018-20,El Seibo,0,0,0,20,2018
2018-20,Elías Piña,0,0,0,20,2018
2018-20,Espaillat,0,1.09,0,20,2018
2018-20,Extranjera,0,0,0,20,2018
2018-20,Hato Mayor,0,0,0,20,2018
2018-20,Hermanas Mirabal,0,0,0,20,2018
2018-20,Independencia,0,0,0,20,2018
2018-20,La Altagracia,0,1.57,0,20,2018
2018-20,La Romana,0,0,0,20,2018
2018-20,La Vega,0,3.19,0,20,2018
2018-20,María Trinidad Sánchez,0,0,0,20,2018
2018-20,Monseñor Nouel,0,0,0,20,2018
2018-20,Monte Cristi,0,0,0,20,2018
2018-20,Monte Plata,0,0,0,20,2018
2018-20,Pedernales,1,7.63,0,20,2018
2018-20,Peravia,0,2.68,0,20,2018
2018-20,Puerto Plata,0,0,0,20,2018
2018-20,Samaná,0,0,0,20,2018
2018-20,San Cristóbal,0,0.84,0,20,2018
2018-20,San José de Ocoa,0,0,0,20,2018
2018-20,San Juan,0,0,0,20,2018
2018-20,San Pedro de Macorís,0,0.86,0,20,2018
2018-20,Santiago,0,0,0,20,2018
2018-20,Santiago Rodríguez,0,0,0,20,2018
2018-20,Santo Domingo,0,0.19,0,20,2018
2018-20,Sánchez Ramírez,0,0,0,20,2018
2018-20,Valverde,0,0,0,20,2018
2018-21,Azua,0,1.12,0,21,2018
2018-21,Baoruco,0,0,0,21,2018
2018-21,Barahona,0,0,0,21,2018
2018-21,Dajabón,0,0,0,21,2018
2018-21,Distrito Nacional,0,0.24,0,21,2018
2018-21,Duarte,0,0,0,21,2018
2018-21,El Seibo,0,0,0,21,2018
2018-21,Elías Piña,0,0,0,21,2018
2018-21,Espaillat,0,1.04,0,21,2018
2018-21,Extranjera,0,0,0,21,2018
2018-21,Hato Mayor,0,0,0,21,2018
2018-21,Hermanas Mirabal,0,0,0,21,2018
2018-21,Independencia,0,0,0,21,2018
2018-21,La Altagracia,0,1.5,0,21,2018
2018-21,La Romana,0,0,0,21,2018
2018-21,La Vega,0,3.04,0,21,2018
2018-21,María Trinidad Sánchez,0,0,0,21,2018
2018-21,Monseñor Nouel,0,0,0,21,2018
2018-21,Monte Cristi,0,0,0,21,2018
2018-21,Monte Plata,0,0,0,21,2018
2018-21,Pedernales,0,7.27,0,21,2018
2018-21,Peravia,0,2.55,0,21,2018
2018-21,Puerto Plata,0,0,0,21,2018
2018-21,Samaná,0,0,0,21,2018
2018-21,San Cristóbal,0,0.8,0,21,2018
2018-21,San José de Ocoa,0,0,0,21,2018
2018-21,San Juan,0,0,0,21,2018
2018-21,San Pedro de Macorís,0,0.82,0,21,2018
2018-21,Santiago,0,0,0,21,2018
2018-21,Santiago Rodríguez,0,0,0,21,2018
2018-21,Santo Domingo,0,0.18,0,21,2018
2018-21,Sánchez Ramírez,0,0,0,21,2018
2018-21,Valverde,0,0,0,21,2018
2018-22,Azua,0,1.07,0,22,2018
2018-22,Baoruco,0,0,0,22,2018
2018-22,Barahona,0,0,0,22,2018
2018-22,Dajabón,0,0,0,22,2018
2018-22,Distrito Nacional,0,0.23,0,22,2018
2018-22,Duarte,0,0,0,22,2018
2018-22,El Seibo,0,0,0,22,2018
2018-22,Elías Piña,0,0,0,22,2018
2018-22,Espaillat,0,0.99,0,22,2018
2018-22,Extranjera,0,0,0,22,2018
2018-22,Hato Mayor,0,0,0,22,2018
2018-22,Hermanas Mirabal,0,0,0,22,2018
2018-22,Independencia,0,0,0,22,2018
2018-22,La Altagracia,0,1.43,0,22,2018
2018-22,La Romana,0,0,0,22,2018
2018-22,La Vega,0,2.9,0,22,2018
2018-22,María Trinidad Sánchez,0,0,0,22,2018
2018-22,Monseñor Nouel,0,0,0,22,2018
2018-22,Monte Cristi,0,0,0,22,2018
2018-22,Monte Plata,0,0,0,22,2018
2018-22,Pedernales,0,6.94,0,22,2018
2018-22,Peravia,0,2.44,0,22,2018
2018-22,Puerto Plata,0,0,0,22,2018
2018-22,Samaná,0,0,0,22,2018
2018-22,San Cristóbal,0,0.76,0,22,2018
2018-22,San José de Ocoa,0,0,0,22,2018
2018-22,San Juan,0,0,0,22,2018
2018-22,San Pedro de Macorís,0,0.78,0,22,2018
2018-22,Santiago,0,0,0,22,2018
2018-22,Santiago Rodríguez,0,0,0,22,2018
2018-22,Santo Domingo,0,0.17,0,22,2018
2018-22,Sánchez Ramírez,0,0,0,22,2018
2018-22,Valverde,0,0,0,22,2018
2018-28,Azua,0,0.84,0,28,2018
2018-28,Baoruco,1,1.86,0,28,2018
2018-28,Barahona,0,0,0,28,2018
2018-28,Dajabón,0,0,0,28,2018
2018-28,Distrito Nacional,0,0.18,0,28,2018
2018-28,Duarte,0,0,0,28,2018
2018-28,El Seibo,0,0,0,28,2018
2018-28,Elías Piña,0,0,0,28,2018
2018-28,Espaillat,0,0.78,0,28,2018
2018-28,Extranjera,0,0,0,28,2018
2018-28,Hato Mayor,0,0,0,28,2018
2018-28,Hermanas Mirabal,0,0,0,28,2018
2018-28,Independencia,7,26.17,0,28,2018
2018-28,La Altagracia,0,1.12,0,28,2018
2018-28,La Romana,0,0,0,28,2018
2018-28,La Vega,0,2.74,0,28,2018
2018-28,María Trinidad Sánchez,0,0,0,28,2018
2018-28,Monseñor Nouel,0,0,0,28,2018
2018-28,Monte Cristi,0,0,0,28,2018
2018-28,Monte Plata,0,0,0,28,2018
2018-28,Pedernales,0,5.45,0,28,2018
2018-28,Peravia,0,1.92,0,28,2018
2018-28,Puerto Plata,0,0,0,28,2018
2018-28,Samaná,0,0,0,28,2018
2018-28,San Cristóbal,0,0.9,0,28,2018
2018-28,San José de Ocoa,0,0,0,28,2018
2018-28,San Juan,0,0,0,28,2018
2018-28,San Pedro de Macorís,0,0.62,0,28,2018
2018-28,Santiago,0,0,0,28,2018
2018-28,Santiago Rodríguez,0,0,0,28,2018
2018-28,Santo Domingo,0,0.13,0,28,2018
2018-28,Sánchez Ramírez,0,0,0,28,2018
2018-28,Valverde,0,0,0,28,2018
2018-29,Azua,0,0.81,0,29,2018
2018-29,Baoruco,0,1.79,0,29,2018
2018-29,Barahona,0,0,0,29,2018
2018-29,Dajabón,0,0,0,29,2018
2018-29,Distrito Nacional,0,0.18,0,29,2018
2018-29,Duarte,0,0,0,29,2018
2018-29,El Seibo,0,0,0,29,2018
2018-29,Elías Piña,0,0,0,29,2018
2018-29,Espaillat,0,0.75,0,29,2018
2018-29,Extranjera,0,0,0,29,2018
2018-29,Hato Mayor,0,0,0,29,2018
2018-29,Hermanas Mirabal,0,0,0,29,2018
2018-29,Independencia,12,63.18,0,29,2018
2018-29,La Altagracia,0,1.09,0,29,2018
2018-29,La Romana,0,0,0,29,2018
2018-29,La Vega,0,2.64,0,29,2018
2018-29,María Trinidad Sánchez,0,0,0,29,2018
2018-29,Monseñor Nouel,0,0,0,29,2018
2018-29,Monte Cristi,0,0,0,29,2018
2018-29,Monte Plata,0,0,0,29,2018
2018-29,Pedernales,0,5.26,0,29,2018
2018-29,Peravia,0,1.85,0,29,2018
2018-29,Puerto Plata,0,0,0,29,2018
2018-29,Samaná,0,0,0,29,2018
2018-29,San Cristóbal,0,0.87,0,29,2018
2018-29,San José de Ocoa,0,0,0,29,2018
2018-29,San Juan,0,0,0,29,2018
2018-29,San Pedro de Macorís,0,0.6,0,29,2018
2018-29,Santiago,0,0,0,29,2018
2018-29,Santiago Rodríguez,0,0,0,29,2018
2018-29,Santo Domingo,0,0.13,0,29,2018
2018-29,Sánchez Ramírez,0,0,0,29,2018
2018-29,Valverde,0,0,0,29,2018
2018-31,Azua,0,0.76,0,31,2018
2018-31,Baoruco,0,1.68,0,31,2018
2018-31,Barahona,0,0,0,31,2018
2018-31,Dajabón,0,0,0,31,2018
2018-31,Distrito Nacional,0,0.16,0,31,2018
2018-31,Duarte,0,0,0,31,2018
2018-31,El Seibo,0,0,0,31,2018
2018-31,Elías Piña,0,0,0,31,2018
2018-31,Espaillat,0,0.71,0,31,2018
2018-31,Extranjera,0,0,0,31,2018
2018-31,Hato Mayor,0,0,0,31,2018
2018-31,Hermanas Mirabal,0,0,0,31,2018
2018-31,Independencia,0,65.01,0,31,2018
2018-31,La Altagracia,0,1.02,0,31,2018
2018-31,La Romana,0,0,0,31,2018
2018-31,La Vega,0,2.47,0,31,2018
2018-31,María Trinidad Sánchez,0,0,0,31,2018
2018-31,Monseñor Nouel,0,0,0,31,2018
2018-31,Monte Cristi,0,0,0,31,2018
2018-31,Monte Plata,0,0,0,31,2018
2018-31,Pedernales,0,4.92,0,31,2018
2018-31,Peravia,0,1.73,0,31,2018
2018-31,Puerto Plata,0,0,0,31,2018
2018-31,Samaná,0,0,0,31,2018
2018-31,San Cristóbal,0,0.81,0,31,2018
2018-31,San José de Ocoa,0,0,0,31,2018
2018-31,San Juan,0,0,0,31,2018
2018-31,San Pedro de Macorís,0,0.56,0,31,2018
2018-31,Santiago,0,0,0,31,2018
2018-31,Santiago Rodríguez,0,0,0,31,2018
2018-31,Santo Domingo,0,0.12,0,31,2018
2018-31,Sánchez Ramírez,0,0,0,31,2018
2018-31,Valverde,0,0,0,31,2018
2018-32,Azua,0,0.74,0,32,2018
2018-32,Baoruco,0,1.63,0,32,2018
2018-32,Barahona,0,0,0,32,2018
2018-32,Dajabón,0,0,0,32,2018
2018-32,Distrito Nacional,0,0.16,0,32,2018
2018-32,Duarte,0,0,0,32,2018
2018-32,El Seibo,0,0,0,32,2018
2018-32,Elías Piña,0,0,0,32,2018
2018-32,Espaillat,0,0.68,0,32,2018
2018-32,Extranjera,0,0,0,32,2018
2018-32,Hato Mayor,0,0,0,32,2018
2018-32,Hermanas Mirabal,0,0,0,32,2018
2018-32,Independencia,1,65.84,0,32,2018
2018-32,La Altagracia,0,0.98,0,32,2018
2018-32,La Romana,0,0,0,32,2018
2018-32,La Vega,0,2.4,0,32,2018
2018-32,María Trinidad Sánchez,0,0,0,32,2018
2018-32,Monseñor Nouel,0,0,0,32,2018
2018-32,Monte Cristi,0,0,0,32,2018
2018-32,Monte Plata,0,0,0,32,2018
2018-32,Pedernales,0,4.77,0,32,2018
2018-32,Peravia,0,1.68,0,32,2018
2018-32,Puerto Plata,0,0,0,32,2018
2018-32,Samaná,0,0,0,32,2018
2018-32,San Cristóbal,0,0.79,0,32,2018
2018-32,San José de Ocoa,0,0,0,32,2018
2018-32,San Juan,0,0,0,32,2018
2018-32,San Pedro de Macorís,0,0.54,0,32,2018
2018-32,Santiago,0,0,0,32,2018
2018-32,Santiago Rodríguez,0,0,0,32,2018
2018-32,Santo Domingo,0,0.12,0,32,2018
2018-32,Sánchez Ramírez,0,0,0,32,2018
2018-32,Valverde,0,0,0,32,2018
2018-33,Azua,0,0.71,0,33,2018
2018-33,Baoruco,0,1.58,0,33,2018
2018-33,Barahona,0,0,0,33,2018
2018-33,Dajabón,0,0,0,33,2018
2018-33,Distrito Nacional,0,0.15,0,33,2018
2018-33,Duarte,0,0,0,33,2018
2018-33,El Seibo,0,0,0,33,2018
2018-33,Elías Piña,0,0,0,33,2018
2018-33,Espaillat,0,0.66,0,33,2018
2018-33,Extranjera,0,0,0,33,2018
2018-33,Hato Mayor,0,0,0,33,2018
2018-33,Hermanas Mirabal,0,0,0,33,2018
2018-33,Independencia,1,69.4,0,33,2018
2018-33,La Altagracia,0,0.95,0,33,2018
2018-33,La Romana,0,0,0,33,2018
2018-33,La Vega,0,2.32,0,33,2018
2018-33,María Trinidad Sánchez,0,0,0,33,2018
2018-33,Monseñor Nouel,0,0,0,33,2018
2018-33,Monte Cristi,0,0,0,33,2018
2018-33,Monte Plata,0,0,0,33,2018
2018-33,Pedernales,0,4.63,0,33,2018
2018-33,Peravia,0,1.63,0,33,2018
2018-33,Puerto Plata,0,0,0,33,2018
2018-33,Samaná,0,0,0,33,2018
2018-33,San Cristóbal,0,0.76,0,33,2018
2018-33,San José de Ocoa,0,0,0,33,2018
2018-33,San Juan,0,0,0,33,2018
2018-33,San Pedro de Macorís,0,0.52,0,33,2018
2018-33,Santiago,0,0,0,33,2018
2018-33,Santiago Rodríguez,0,0,0,33,2018
2018-33,Santo Domingo,0,0.11,0,33,2018
2018-33,Sánchez Ramírez,0,0,0,33,2018
2018-33,Valverde,0,0,0,33,2018
2018-34,Azua,0,0.69,0,34,2018
2018-34,Baoruco,0,1.53,0,34,2018
2018-34,Barahona,0,0,0,34,2018
2018-34,Dajabón,0,0,0,34,2018
2018-34,Distrito Nacional,0,0.15,0,34,2018
2018-34,Duarte,0,0,0,34,2018
2018-34,El Seibo,0,0,0,34,2018
2018-34,Elías Piña,0,0,0,34,2018
2018-34,Espaillat,0,0.64,0,34,2018
2018-34,Extranjera,0,0,0,34,2018
2018-34,Hato Mayor,0,0,0,34,2018
2018-34,Hermanas Mirabal,0,0,0,34,2018
2018-34,Independencia,1,67.36,0,34,2018
2018-34,La Altagracia,0,0.93,0,34,2018
2018-34,La Romana,0,0,0,34,2018
2018-34,La Vega,0,2.25,0,34,2018
2018-34,María Trinidad Sánchez,0,0,0,34,2018
2018-34,Monseñor Nouel,0,0,0,34,2018
2018-34,Monte Cristi,0,0,0,34,2018
2018-34,Monte Plata,0,0,0,34,2018
2018-34,Pedernales,0,4.49,0,34,2018
2018-34,Peravia,0,1.58,0,34,2018
2018-34,Puerto Plata,0,0,0,34,2018
2018-34,Samaná,0,0,0,34,2018
2018-34,San Cristóbal,0,0.74,0,34,2018
2018-34,San José de Ocoa,0,0,0,34,2018
2018-34,San Juan,0,0,0,34,2018
2018-34,San Pedro de Macorís,0,0.51,0,34,2018
2018-34,Santiago,0,0,0,34,2018
2018-34,Santiago Rodríguez,0,0,0,34,2018
2018-34,Santo Domingo,0,0.11,0,34,2018
2018-34,Sánchez Ramírez,0,0,0,34,2018
2018-34,Valverde,0,0,0,34,2018
2018-35,Azua,0,0.67,0,35,2018
2018-35,Baoruco,0,1.49,0,35,2018
2018-35,Barahona,0,0,0,35,2018
2018-35,Dajabón,0,0,0,35,2018
2018-35,Distrito Nacional,0,0.15,0,35,2018
2018-35,Duarte,0,0,0,35,2018
2018-35,El Seibo,0,0,0,35,2018
2018-35,Elías Piña,1,2.34,0,35,2018
2018-35,Espaillat,0,0.62,0,35,2018
2018-35,Extranjera,0,0,0,35,2018
2018-35,Hato Mayor,0,0,0,35,2018
2018-35,Hermanas Mirabal,0,0,0,35,2018
2018-35,Independencia,0,65.43,0,35,2018
2018-35,La Altagracia,0,0.9,0,35,2018
2018-35,La Romana,0,0,0,35,2018
2018-35,La Vega,0,2.19,0,35,2018
2018-35,María Trinidad Sánchez,0,0,0,35,2018
2018-35,Monseñor Nouel,0,0,0,35,2018
2018-35,Monte Cristi,0,0,0,35,2018
2018-35,Monte Plata,0,0,0,35,2018
2018-35,Pedernales,0,4.36,0,35,2018
2018-35,Peravia,0,1.53,0,35,2018
2018-35,Puerto Plata,0,0,0,35,2018
2018-35,Samaná,0,0,0,35,2018
2018-35,San Cristóbal,0,0.72,0,35,2018
2018-35,San José de Ocoa,0,0,0,35,2018
2018-35,San Juan,0,0,0,35,2018
2018-35,San Pedro de Macorís,0,0.49,0,35,2018
2018-35,Santiago,0,0,0,35,2018
2018-35,Santiago Rodríguez,0,0,0,35,2018
2018-35,Santo Domingo,0,0.11,0,35,2018
2018-35,Sánchez Ramírez,0,0,0,35,2018
2018-35,Valverde,0,0,0,35,2018
2018-41,Azua,0,0.57,0,41,2018
2018-41,Baoruco,0,1.26,0,41,2018
2018-41,Barahona,0,2.01,0,41,2018
2018-41,Dajabón,0,0,0,41,2018
2018-41,Distrito Nacional,0,0.12,0,41,2018
2018-41,Duarte,0,0,0,41,2018
2018-41,El Seibo,0,0,0,41,2018
2018-41,Elías Piña,0,6,0,41,2018
2018-41,Espaillat,0,1.06,0,41,2018
2018-41,Extranjera,0,0,0,41,2018
2018-41,Hato Mayor,0,0,0,41,2018
2018-41,Hermanas Mirabal,0,0,0,41,2018
2018-41,Independencia,0,192.44,0,41,2018
2018-41,La Altagracia,0,0.75,0,41,2018
2018-41,La Romana,0,0,0,41,2018
2018-41,La Vega,0,1.86,0,41,2018
2018-41,María Trinidad Sánchez,0,0,0,41,2018
2018-41,Monseñor Nouel,0,0.73,0,41,2018
2018-41,Monte Cristi,0,0,0,41,2018
2018-41,Monte Plata,0,0,0,41,2018
2018-41,Pedernales,0,3.69,0,41,2018
2018-41,Peravia,0,1.3,0,41,2018
2018-41,Puerto Plata,0,0,0,41,2018
2018-41,Samaná,0,0,0,41,2018
2018-41,San Cristóbal,0,0.61,0,41,2018
2018-41,San José de Ocoa,0,0,0,41,2018
2018-41,San Juan,0,0,0,41,2018
2018-41,San Pedro de Macorís,0,0.42,0,41,2018
2018-41,Santiago,0,0,0,41,2018
2018-41,Santiago Rodríguez,0,0,0,41,2018
2018-41,Santo Domingo,0,0.14,0,41,2018
2018-41,Sánchez Ramírez,0,0,0,41,2018
2018-41,Valverde,0,0,0,41,2018
2018-42,Azua,0,0.56,0,42,2018
2018-42,Baoruco,0,1.23,0,42,2018
2018-42,Barahona,0,1.96,0,42,2018
2018-42,Dajabón,0,0,0,42,2018
2018-42,Distrito Nacional,0,0.12,0,42,2018
2018-42,Duarte,0,0,0,42,2018
2018-42,El Seibo,0,0,0,42,2018
2018-42,Elías Piña,0,5.85,0,42,2018
2018-42,Espaillat,0,1.04,0,42,2018
2018-42,Extranjera,0,0,0,42,2018
2018-42,Hato Mayor,0,0,0,42,2018
2018-42,Hermanas Mirabal,0,0,0,42,2018
2018-42,Independencia,0,187.86,0,42,2018
2018-42,La Altagracia,0,0.73,0,42,2018
2018-42,La Romana,0,0,0,42,2018
2018-42,La Vega,0,1.82,0,42,2018
2018-42,María Trinidad Sánchez,0,0,0,42,2018
2018-42,Monseñor Nouel,0,0.72,0,42,2018
2018-42,Monte Cristi,0,0,0,42,2018
2018-42,Monte Plata,0,0,0,42,2018
2018-42,Pedernales,0,3.6,0,42,2018
2018-42,Peravia,0,1.27,0,42,2018
2018-42,Puerto Plata,0,0,0,42,2018
2018-42,Samaná,0,0,0,42,2018
2018-42,San Cristóbal,0,0.59,0,42,2018
2018-42,San José de Ocoa,0,0,0,42,2018
2018-42,San Juan,0,0,0,42,2018
2018-42,San Pedro de Macorís,0,0.41,0,42,2018
2018-42,Santiago,0,0,0,42,2018
2018-42,Santiago Rodríguez,0,0,0,42,2018
2018-42,Santo Domingo,0,0.13,0,42,2018
2018-42,Sánchez Ramírez,0,0,0,42,2018
2018-42,Valverde,0,0,0,42,2018
2018-44,Azua,0,0.53,0,44,2018
2018-44,Baoruco,0,1.18,0,44,2018
2018-44,Barahona,0,1.88,0,44,2018
2018-44,Dajabón,0,0,0,44,2018
2018-44,Distrito Nacional,0,0.11,0,44,2018
2018-44,Duarte,0,0,0,44,2018
2018-44,El Seibo,0,0,0,44,2018
2018-44,Elías Piña,0,5.59,0,44,2018
2018-44,Espaillat,0,0.99,0,44,2018
2018-44,Extranjera,0,0,0,44,2018
2018-44,Hato Mayor,0,0,0,44,2018
2018-44,Hermanas Mirabal,0,0,0,44,2018
2018-44,Independencia,0,179.32,0,44,2018
2018-44,La Altagracia,0,0.7,0,44,2018
2018-44,La Romana,0,0,0,44,2018
2018-44,La Vega,0,1.74,0,44,2018
2018-44,María Trinidad Sánchez,0,0,0,44,2018
2018-44,Monseñor Nouel,0,0.68,0,44,2018
2018-44,Monte Cristi,0,0,0,44,2018
2018-44,Monte Plata,0,0,0,44,2018
2018-44,Pedernales,0,3.44,0,44,2018
2018-44,Peravia,0,1.21,0,44,2018
2018-44,Puerto Plata,0,0,0,44,2018
2018-44,Samaná,0,0,0,44,2018
2018-44,San Cristóbal,0,0.57,0,44,2018
2018-44,San José de Ocoa,0,0,0,44,2018
2018-44,San Juan,0,0,0,44,2018
2018-44,San Pedro de Macorís,0,0.39,0,44,2018
2018-44,Santiago,0,0,0,44,2018
2018-44,Santiago Rodríguez,0,0,0,44,2018
2018-44,Santo Domingo,0,0.13,0,44,2018
2018-44,Sánchez Ramírez,0,0,0,44,2018
2018-44,Valverde,0,0,0,44,2018
2018-45,Azua,0,0.52,0,45,2018
2018-45,Baoruco,0,1.15,0,45,2018
2018-45,Barahona,0,1.83,0,45,2018
2018-45,Dajabón,0,0,0,45,2018
2018-45,Distrito Nacional,0,0.11,0,45,2018
2018-45,Duarte,0,0,0,45,2018
2018-45,El Seibo,0,0,0,45,2018
2018-45,Elías Piña,0,5.46,0,45,2018
2018-45,Espaillat,0,0.97,0,45,2018
2018-45,Extranjera,0,0,0,45,2018
2018-45,Hato Mayor,0,0,0,45,2018
2018-45,Hermanas Mirabal,0,0,0,45,2018
2018-45,Independencia,0,175.33,0,45,2018
2018-45,La Altagracia,0,0.68,0,45,2018
2018-45,La Romana,0,0,0,45,2018
2018-45,La Vega,0,1.7,0,45,2018
2018-45,María Trinidad Sánchez,0,0,0,45,2018
2018-45,Monseñor Nouel,0,0.67,0,45,2018
2018-45,Monte Cristi,0,0,0,45,2018
2018-45,Monte Plata,0,0,0,45,2018
2018-45,Pedernales,0,3.36,0,45,2018
2018-45,Peravia,0,1.18,0,45,2018
2018-45,Puerto Plata,0,0,0,45,2018
2018-45,Samaná,0,0,0,45,2018
2018-45,San Cristóbal,0,0.55,0,45,2018
2018-45,San José de Ocoa,0,0,0,45,2018
2018-45,San Juan,0,0,0,45,2018
2018-45,San Pedro de Macorís,0,0.38,0,45,2018
2018-45,Santiago,0,0,0,45,2018
2018-45,Santiago Rodríguez,0,0,0,45,2018
2018-45,Santo Domingo,0,0.12,0,45,2018
2018-45,Sánchez Ramírez,0,0,0,45,2018
2018-45,Valverde,0,0,0,45,2018
2018-47,Azua,0,0.5,0,47,2018
2018-47,Baoruco,0,1.1,0,47,2018
2018-47,Barahona,0,1.76,0,47,2018
2018-47,Dajabón,0,0,0,47,2018
2018-47,Distrito Nacional,0,0.11,0,47,2018
2018-47,Duarte,0,0,0,47,2018
2018-47,El Seibo,0,0,0,47,2018
2018-47,Elías Piña,0,5.23,0,47,2018
2018-47,Espaillat,0,0.93,0,47,2018
2018-47,Extranjera,0,0,0,47,2018
2018-47,Hato Mayor,0,0,0,47,2018
2018-47,Hermanas Mirabal,0,0,0,47,2018
2018-47,Independencia,0,167.87,0,47,2018
2018-47,La Altagracia,0,0.65,0,47,2018
2018-47,La Romana,0,0,0,47,2018
2018-47,La Vega,0,1.62,0,47,2018
2018-47,María Trinidad Sánchez,0,0,0,47,2018
2018-47,Monseñor Nouel,0,0.64,0,47,2018
2018-47,Monte Cristi,0,0,0,47,2018
2018-47,Monte Plata,0,0,0,47,2018
2018-47,Pedernales,0,3.22,0,47,2018
2018-47,Peravia,0,1.13,0,47,2018
2018-47,Puerto Plata,0,0,0,47,2018
2018-47,Samaná,0,0,0,47,2018
2018-47,San Cristóbal,0,0.53,0,47,2018
2018-47,San José de Ocoa,0,0,0,47,2018
2018-47,San Juan,0,0,0,47,2018
2018-47,San Pedro de Macorís,0,0.37,0,47,2018
2018-47,Santiago,0,0,0,47,2018
2018-47,Santiago Rodríguez,0,0,0,47,2018
2018-47,Santo Domingo,0,0.12,0,47,2018
2018-47,Sánchez Ramírez,0,0,0,47,2018
2018-47,Valverde,0,0,0,47,2018
2019-1,Azua,0,0,0,1,2019
2019-1,Baoruco,0,0,0,1,2019
2019-1,Barahona,0,0,0,1,2019
2019-1,Dajabón,0,0,0,1,2019
2019-1,Distrito Nacional,0,0,0,1,2019
2019-1,Duarte,0,0,0,1,2019
2019-1,El Seibo,0,0,0,1,2019
2019-1,Elías Piña,0,0,0,1,2019
2019-1,Espaillat,0,0,0,1,2019
2019-1,Extranjera,0,0,0,1,2019
2019-1,Hato Mayor,0,0,0,1,2019
2019-1,Hermanas Mirabal,0,0,0,1,2019
2019-1,Independencia,0,0,0,1,2019
2019-1,La Altagracia,0,0,0,1,2019
2019-1,La Romana,0,0,0,1,2019
2019-1,La Vega,0,0,0,1,2019
2019-1,María Trinidad Sánchez,0,0,0,1,2019
2019-1,Monseñor Nouel,0,0,0,1,2019
2019-1,Monte Cristi,0,0,0,1,2019
2019-1,Monte Plata,0,0,0,1,2019
2019-1,Pedernales,0,0,0,1,2019
2019-1,Peravia,0,0,0,1,2019
2019-1,Puerto Plata,0,0,0,1,2019
2019-1,Samaná,0,0,0,1,2019
2019-1,San Cristóbal,0,0,0,1,2019
2019-1,San José de Ocoa,0,0,0,1,2019
2019-1,San Juan,0,0,0,1,2019
2019-1,San Pedro de Macorís,0,0,0,1,2019
2019-1,Santiago,0,0,0,1,2019
2019-1,Santiago Rodríguez,0,0,0,1,2019
2019-1,Santo Domingo,0,0,0,1,2019
2019-1,Sánchez Ramírez,0,0,0,1,2019
2019-1,Valverde,0,0,0,1,2019
2019-27,Azua,0,0,0,27,2019
2019-27,Baoruco,0,0,0,27,2019
2019-27,Barahona,0,0,0,27,2019
2019-27,Dajabón,0,0,0,27,2019
2019-27,Distrito Nacional,0,0.19,0,27,2019
2019-27,Duarte,0,0,0,27,2019
2019-27,El Seibo,0,0,0,27,2019
2019-27,Elías Piña,0,0,0,27,2019
2019-27,Espaillat,0,0,0,27,2019
2019-27,Extranjera,0,0,0,27,2019
2019-27,Hato Mayor,0,0,0,27,2019
2019-27,Hermanas Mirabal,0,0,0,27,2019
2019-27,Independencia,0,0,0,27,2019
2019-27,La Altagracia,0,0,0,27,2019
2019-27,La Romana,0,0,0,27,2019
2019-27,La Vega,0,0,0,27,2019
2019-27,María Trinidad Sánchez,0,0,0,27,2019
2019-27,Monseñor Nouel,0,0,0,27,2019
2019-27,Monte Cristi,0,0,0,27,2019
2019-27,Monte Plata,0,0,0,27,2019
2019-27,Pedernales,0,0,0,27,2019
2019-27,Peravia,0,0,0,27,2019
2019-27,Puerto Plata,0,0,0,27,2019
2019-27,Samaná,0,0,0,27,2019
2019-27,San Cristóbal,0,0.31,0,27,2019
2019-27,San José de Ocoa,0,0,0,27,2019
2019-27,San Juan,0,0,0,27,2019
2019-27,San Pedro de Macorís,0,0.63,0,27,2019
2019-27,Santiago,0,0.37,0,27,2019
2019-27,Santiago Rodríguez,0,0,0,27,2019
2019-27,Santo Domingo,0,0.47,0,27,2019
2019-27,Sánchez Ramírez,0,0,0,27,2019
2019-27,Valverde,0,0,0,27,2019